id_transaction,client_nom,client_age,client_ville,produit_nom,produit_categorie,produit_marque,prix_catalogue,magasin_nom,magasin_type,magasin_region,date,quantite,montant_total
1,Alice,25,Paris,Ordinateur,Informatique,Dell,800,Boutique Lyon,Physique,Auvergne-Rhône-Alpes,2023-03-12,2,
2,Bob,34,Lyon,Smartphone,Téléphonie,Apple,1200,Boutique Lyon,Physique,Auvergne-Rhône-Alpes,2023-01-27,5,
3,Alice,25,Paris,Montre connectée,Accessoires,Garmin,300,E-Shop,En ligne,National,2023-01-09,1,
4,Alice,25,Paris,Smartphone,Téléphonie,Apple,1200,Boutique Paris,Physique,Île-de-France,2023-05-10,5,
5,Alice,25,Paris,Montre connectée,Accessoires,Garmin,300,Boutique Paris,Physique,Île-de-France,2023-06-16,5,
6,David,40,Bordeaux,Smartphone,Téléphonie,Apple,1200,E-Shop,En ligne,National,2023-05-31,3,
7,Alice,25,Paris,Smartphone,Téléphonie,Apple,1200,Boutique Lyon,Physique,Auvergne-Rhône-Alpes,2023-04-19,3,
8,Charlie,29,Marseille,Smartphone,Téléphonie,Apple,1200,Boutique Paris,Physique,Île-de-France,2023-03-28,1,
9,Alice,25,Paris,Tablette,Informatique,Samsung,600,Boutique Paris,Physique,Île-de-France,2023-04-02,3,
10,Emma,31,Toulouse,Casque audio,Accessoires,Sony,150,Boutique Paris,Physique,Île-de-France,2023-04-28,5,
11,Alice,25,Paris,Tablette,Informatique,Samsung,600,Boutique Paris,Physique,Île-de-France,2023-05-22,3,
12,Emma,31,Toulouse,Casque audio,Accessoires,Sony,150,Boutique Lyon,Physique,Auvergne-Rhône-Alpes,2023-02-19,,
13,Alice,25,Paris,Smartphone,Téléphonie,Apple,1200,E-Shop,En ligne,National,2023-01-21,2,
14,Alice,25,Paris,Tablette,Informatique,Samsung,600,E-Shop,En ligne,National,2023-04-27,3,
15,Bob,34,Lyon,Casque audio,Accessoires,Sony,150,E-Shop,En ligne,National,2023-02-23,3,
16,Alice,25,Paris,Montre connectée,Accessoires,Garmin,300,Boutique Lyon,Physique,Auvergne-Rhône-Alpes,2023-02-13,5,
17,Bob,34,Lyon,Smartphone,3,Apple,1200,E-Shop,En ligne,National,2023-04-08,3,
18,Emma,31,Toulouse,Smartphone,Téléphonie,Apple,1200,Boutique Lyon,Physique,Auvergne-Rhône-Alpes,2023-03-25,1,
19,Bob,34,Lyon,Ordinateur,Informatique,Dell,800,E-Shop,En ligne,National,2023-04-13,3,
20,Alice,25,Paris,Smartphone,Téléphonie,Apple,-850,Boutique Lyon,Physique,Auvergne-Rhône-Alpes,2023-03-22,2,
21,David,40,Bordeaux,Tablette,Informatique,Samsung,600,Boutique Lyon,Physique,Auvergne-Rhône-Alpes,2023-04-28,2,
22,Charlie,29,Marseille,Smartphone,Téléphonie,Apple,1200,Boutique Paris,Physique,Île-de-France,2023-05-24,5,
23,Charlie,29,Marseille,Montre connectée,Accessoires,Garmin,300,E-Shop,En ligne,National,2023-05-30,4,
24,Charlie,29,Marseille,Smartphone,Téléphonie,Apple,1200,Boutique Paris,Physique,Île-de-France,2023-05-11,4,
25,Alice,25,Paris,Ordinateur,Informatique,Dell,800,Boutique Paris,Physique,Île-de-France,2023-02-09,2,
26,David,40,Bordeaux,Montre connectée,Accessoires,Garmin,300,Boutique Paris,Physique,Île-de-France,2023-04-09,4,
27,Emma,31,Toulouse,Tablette,Informatique,Samsung,600,Boutique Lyon,Physique,Auvergne-Rhône-Alpes,2023-03-06,5,
28,Alice,25,Paris,Ordinateur,Informatique,Dell,800,Boutique Lyon,Physique,Auvergne-Rhône-Alpes,2023-05-18,3,
29,Charlie,29,Marseille,Ordinateur,Informatique,Dell,800,E-Shop,En ligne,National,2023-04-22,2,
30,David,40,Bordeaux,Ordinateur,Informatique,Dell,800,Boutique Lyon,Physique,Auvergne-Rhône-Alpes,2023-03-09,5,
31,Bob,34,Lyon,Montre connectée,Accessoires,Garmin,300,Boutique Paris,Physique,Île-de-France,2023-06-10,3,
32,Emma,31,Toulouse,Montre connectée,Accessoires,Garmin,300,Boutique Paris,Physique,Île-de-France,2023-02-09,3,
33,Bob,34,Lyon,Montre connectée,Accessoires,Garmin,300,Boutique Lyon,Physique,Auvergne-Rhône-Alpes,2023-01-01,5,
34,Charlie,29,Marseille,Tablette,Informatique,Samsung,600,Boutique Paris,Physique,Île-de-France,2023-01-29,3,
35,Charlie,-29,Marseille,Smartphone,Téléphonie,Apple,1200,Boutique Paris,Physique,Île-de-France,2023-03-03,5,
36,Alice,25,Paris,Ordinateur,Informatique,Dell,800,Boutique Lyon,Physique,Auvergne-Rhône-Alpes,2023-05-05,1,
37,Emma,31,Toulouse,Smartphone,Téléphonie,Apple,1200,Boutique Paris,Physique,Île-de-France,2023-06-18,4,
38,Emma,31,Toulouse,Smartphone,Téléphonie,Apple,1200,E-Shop,En ligne,National,2023-05-16,5,
39,David,40,Bordeaux,Smartphone,Téléphonie,Apple,1200,Boutique Lyon,Physique,Auvergne-Rhône-Alpes,2023-06-26,2,
40,Charlie,29,Marseille,Tablette,Informatique,Samsung,600,Boutique Lyon,Physique,Auvergne-Rhône-Alpes,2023-06-16,3,
41,David,40,Bordeaux,Montre connectée,Accessoires,Garmin,300,E-Shop,En ligne,National,2023-01-31,2,
42,Bob,34,Lyon,Ordinateur,Informatique,Dell,800,E-Shop,En ligne,National,2023-01-06,5,
43,Emma,31,Toulouse,Smartphone,Téléphonie,Apple,1200,Boutique Lyon,Physique,Auvergne-Rhône-Alpes,2023-02-26,1,
44,Alice,25,Paris,Ordinateur,Informatique,Dell,800,Boutique Paris,Physique,Île-de-France,2023-01-18,1,
45,Charlie,29,Marseille,Ordinateur,Informatique,Dell,800,Boutique Lyon,Physique,Auvergne-Rhône-Alpes,2023-03-02,3,
46,David,40,Bordeaux,Smartphone,Téléphonie,Apple,1200,Boutique Lyon,Physique,Auvergne-Rhône-Alpes,2023-02-03,5,
47,Emma,31,Toulouse,Tablette,Informatique,Samsung,600,Boutique Paris,Physique,Île-de-France,2023-05-02,4,
48,Bob,34,Lyon,Ordinateur,Informatique,Dell,800,Boutique Paris,Physique,Île-de-France,2023-06-18,4,
49,Charlie,29,Marseille,Tablette,Informatique,Samsung,600,E-Shop,En ligne,National,2023-04-30,1,
50,Alice,25,Paris,Ordinateur,Informatique,Dell,800,E-Shop,En ligne,National,2023-03-28,1,
51,Bob,34,Lyon,Smartphone,Téléphonie,Apple,1200,Boutique Paris,Physique,Île-de-France,2023-05-18,4,
52,Bob,34,Lyon,Tablette,Informatique,Samsung,600,Boutique Paris,Physique,Île-de-France,2023-03-13,4,
53,Bob,34,Lyon,Ordinateur,Informatique,Dell,800,E-Shop,En ligne,National,2023-05-21,1,
54,Alice,25,Paris,Montre connectée,Accessoires,Garmin,300,Boutique Paris,Physique,Île-de-France,2023-01-24,2,
55,Bob,34,Lyon,Tablette,Informatique,Samsung,600,E-Shop,En ligne,National,2023-05-04,2,
56,David,40,Bordeaux,Ordinateur,Informatique,Dell,800,Boutique Paris,Physique,Île-de-France,2023-04-08,1,
57,David,40,Bordeaux,Casque audio,Accessoires,Sony,150,E-Shop,En ligne,National,2023-03-15,4,
58,Emma,31,Toulouse,Tablette,Informatique,Samsung,600,Boutique Paris,Physique,Île-de-France,2023-02-18,,
59,Bob,34,Lyon,Ordinateur,Informatique,Dell,800,Boutique Lyon,Physique,Auvergne-Rhône-Alpes,2023-05-19,1,
60,Charlie,29,Marseille,Ordinateur,Informatique,Dell,800,Boutique Paris,Physique,Île-de-France,2023-05-30,4,
61,Emma,31,Toulouse,Montre connectée,Accessoires,Garmin,300,Boutique Paris,Physique,Île-de-France,2023-01-15,5,
62,Alice,25,Paris,Smartphone,Téléphonie,Apple,1200,Boutique Paris,Physique,Île-de-France,2023-06-02,1,
63,Bob,34,Lyon,Tablette,Informatique,Samsung,600,Boutique Paris,Physique,Île-de-France,2023-05-26,2,
64,Emma,31,Toulouse,Montre connectée,Accessoires,Garmin,300,Boutique Paris,Physique,Île-de-France,2023-06-08,,
65,David,40,Bordeaux,Montre connectée,Accessoires,Garmin,300,Boutique Lyon,Physique,Auvergne-Rhône-Alpes,2023-05-14,3,
66,Charlie,29,Marseille,Smartphone,Téléphonie,Apple,1200,Boutique Lyon,Physique,Auvergne-Rhône-Alpes,2023-03-22,2,
67,Charlie,29,Marseille,Tablette,Informatique,Samsung,600,Boutique Paris,Physique,Île-de-France,2023-06-21,3,
68,David,40,Bordeaux,Casque audio,Accessoires,Sony,150,Boutique Paris,Physique,Île-de-France,2023-01-03,4,
69,Emma,31,Toulouse,Montre connectée,Accessoires,Garmin,300,Boutique Paris,Physique,Île-de-France,2023-01-19,5,
70,Bob,34,Lyon,Montre connectée,Accessoires,Garmin,300,E-Shop,En ligne,National,2023-02-03,3,
71,Alice,25,Paris,Smartphone,Téléphonie,Apple,1200,E-Shop,En ligne,National,2023-03-14,2,
72,David,40,Bordeaux,Montre connectée,Accessoires,Garmin,300,Boutique Lyon,Physique,Auvergne-Rhône-Alpes,2023-03-19,5,
73,Emma,31,Toulouse,Ordinateur,Informatique,Dell,800,Boutique Lyon,Physique,Auvergne-Rhône-Alpes,2023-05-22,3,
74,Alice,25,Paris,Smartphone,Téléphonie,Apple,1200,E-Shop,En ligne,National,2023-01-30,1,
75,Emma,31,Toulouse,Smartphone,Téléphonie,Apple,1200,E-Shop,En ligne,National,2023-03-14,5,
76,Bob,34,Lyon,Casque audio,Accessoires,Sony,150,Boutique Paris,Physique,Île-de-France,2023-06-25,3,
77,Emma,31,Toulouse,Tablette,Informatique,Samsung,600,E-Shop,En ligne,National,2023-01-14,1,
78,David,40,Bordeaux,Casque audio,Accessoires,Sony,150,Boutique Paris,Physique,Île-de-France,2023-01-01,3,
79,Bob,34,Lyon,Casque audio,Accessoires,Sony,150,Boutique Paris,Physique,Île-de-France,2023-04-24,5,
80,David,40,Bordeaux,Montre connectée,Accessoires,Garmin,300,Boutique Paris,Physique,Île-de-France,2023-01-29,1,
81,Bob,34,Lyon,Montre connectée,Accessoires,Garmin,300,Boutique Paris,Physique,Île-de-France,2023-04-05,5,
82,Emma,31,Toulouse,Smartphone,Téléphonie,Apple,1200,E-Shop,En ligne,National,2023-02-02,1,
83,Charlie,29,Marseille,Casque audio,Accessoires,Sony,-150,Boutique Paris,Physique,Île-de-France,2023-04-02,2,
84,Bob,34,Lyon,Ordinateur,Informatique,Dell,800,E-Shop,En ligne,National,2023-05-24,4,
85,Emma,31,Toulouse,Smartphone,Téléphonie,Apple,1200,Boutique Paris,Physique,Île-de-France,2023-02-11,2,
86,David,40,Bordeaux,Ordinateur,Informatique,Dell,800,Boutique Paris,Physique,Île-de-France,2023-03-27,4,
87,Bob,34,Lyon,Casque audio,Accessoires,Sony,150,Boutique Paris,Physique,Île-de-France,2023-06-29,1,
88,David,40,Bordeaux,Ordinateur,Informatique,Dell,800,E-Shop,En ligne,National,2023-02-26,2,
89,David,40,Bordeaux,Casque audio,Accessoires,Sony,150,E-Shop,En ligne,National,2023-02-28,2,
90,Alice,25,Paris,Smartphone,Téléphonie,Apple,1200,E-Shop,En ligne,National,2023-03-26,,
91,Alice,25,Paris,Casque audio,Accessoires,Sony,150,E-Shop,En ligne,National,2023-06-14,5,
92,David,40,Bordeaux,Montre connectée,Accessoires,Garmin,300,E-Shop,En ligne,National,2023-01-08,1,
93,Charlie,29,Marseille,Smartphone,Téléphonie,Apple,1200,Boutique Lyon,Physique,Auvergne-Rhône-Alpes,2023-03-09,1,
94,Alice,25,Paris,Montre connectée,Accessoires,Garmin,300,E-Shop,En ligne,National,2023-03-30,3,
95,David,40,Bordeaux,Montre connectée,Accessoires,Garmin,300,Boutique Lyon,Physique,Auvergne-Rhône-Alpes,2023-01-30,4,
96,Emma,31,Toulouse,Smartphone,Téléphonie,Apple,1200,E-Shop,En ligne,National,2023-01-12,4,
97,Alice,25,Paris,Montre connectée,Accessoires,Garmin,300,Boutique Lyon,Physique,Auvergne-Rhône-Alpes,1821-06-25,2,
98,Charlie,29,Marseille,Tablette,Informatique,Samsung,600,Boutique Paris,Physique,Île-de-France,2023-06-20,3,
99,Emma,31,Toulouse,Casque audio,Accessoires,Sony,150,Boutique Lyon,Physique,Auvergne-Rhône-Alpes,2023-02-01,3,
100,Emma,31,Toulouse,Casque audio,Accessoires,Sony,150,Boutique Lyon,Physique,Auvergne-Rhône-Alpes,2023-04-15,3,
101,David,40,Bordeaux,Casque audio,Accessoires,Sony,150,Boutique Lyon,Physique,Auvergne-Rhône-Alpes,2023-02-02,2,
102,David,40,Bordeaux,Tablette,Informatique,Samsung,600,Boutique Lyon,Physique,Auvergne-Rhône-Alpes,2023-02-14,5,
103,Emma,31,Toulouse,Casque audio,Accessoires,Sony,150,E-Shop,En ligne,National,2023-05-21,1,
104,Charlie,29,Marseille,Casque audio,Accessoires,Sony,150,Boutique Paris,Physique,Île-de-France,2023-04-21,5,
105,Emma,31,Toulouse,Casque audio,Accessoires,Sony,150,E-Shop,En ligne,National,2023-04-24,4,
106,Bob,34,Lyon,Montre connectée,Accessoires,Garmin,300,E-Shop,En ligne,National,2023-02-13,1,
107,Charlie,29,Marseille,Montre connectée,Accessoires,Garmin,300,Boutique Lyon,Physique,Auvergne-Rhône-Alpes,2023-06-12,5,
108,Charlie,29,Marseille,Ordinateur,Informatique,Dell,800,Boutique Paris,Physique,Île-de-France,2023-06-22,3,
109,Bob,34,Lyon,Smartphone,Téléphonie,Apple,1200,Boutique Paris,Physique,Île-de-France,2023-01-07,1,
110,Bob,34,Lyon,Tablette,Informatique,Samsung,600,Boutique Lyon,Physique,Auvergne-Rhône-Alpes,2023-01-19,,
111,David,40,Bordeaux,Montre connectée,Accessoires,Garmin,300,Boutique Paris,Physique,Île-de-France,2023-06-28,4,
112,David,40,Bordeaux,Tablette,Informatique,Samsung,600,Boutique Paris,Physique,Île-de-France,2023-02-07,1,
113,Alice,25,Paris,Tablette,Informatique,Samsung,600,Boutique Paris,Physique,Île-de-France,2023-02-15,5,
114,David,40,Bordeaux,Ordinateur,Informatique,Dell,800,Boutique Lyon,Physique,Auvergne-Rhône-Alpes,2023-03-05,1,
115,David,40,Bordeaux,Smartphone,Téléphonie,Apple,1200,E-Shop,En ligne,National,2023-06-20,5,
116,Emma,31,Toulouse,Montre connectée,Accessoires,Garmin,300,E-Shop,En ligne,National,2023-04-24,5,
117,Emma,31,Toulouse,Tablette,Informatique,Samsung,600,Boutique Lyon,Physique,Auvergne-Rhône-Alpes,2023-04-25,,
118,David,40,Bordeaux,Tablette,Informatique,Samsung,600,E-Shop,En ligne,National,2023-03-05,3,
119,Emma,31,Toulouse,Tablette,Informatique,Samsung,600,Boutique Lyon,Physique,Auvergne-Rhône-Alpes,2023-03-03,3,
120,David,40,Bordeaux,Ordinateur,Informatique,Dell,800,Boutique Lyon,Physique,Auvergne-Rhône-Alpes,2023-03-15,2,
121,Charlie,29,Marseille,Casque audio,Accessoires,Sony,150,E-Shop,En ligne,National,2023-05-19,1,
122,Bob,34,Lyon,Smartphone,Téléphonie,Apple,1200,Boutique Paris,Physique,Île-de-France,2023-04-09,2,
123,Bob,34,Lyon,Ordinateur,Informatique,Dell,800,E-Shop,En ligne,National,2023-04-15,3,
124,Emma,31,Toulouse,Tablette,Informatique,Samsung,600,E-Shop,En ligne,National,2023-01-16,2,
125,David,40,Bordeaux,Tablette,Informatique,Samsung,600,Boutique Lyon,Physique,Auvergne-Rhône-Alpes,2023-06-28,1,
126,Emma,31,Toulouse,Tablette,Informatique,Samsung,600,E-Shop,En ligne,National,2023-01-02,3,
127,Charlie,29,Marseille,Tablette,Informatique,Samsung,600,E-Shop,En ligne,National,2023-05-18,5,
128,Emma,31,Toulouse,Smartphone,Téléphonie,Apple,1200,E-Shop,En ligne,National,2023-02-26,3,
129,David,40,Bordeaux,Tablette,Informatique,Samsung,600,Boutique Paris,Physique,Île-de-France,2023-04-10,3,
130,David,40,Bordeaux,Smartphone,Téléphonie,Apple,1200,E-Shop,En ligne,National,2023-02-02,5,
131,Emma,31,Toulouse,Ordinateur,Informatique,Dell,800,E-Shop,En ligne,National,2023-06-01,5,
132,Alice,25,Paris,Ordinateur,3,Dell,800,Boutique Lyon,Physique,Auvergne-Rhône-Alpes,2023-04-20,2,
133,David,40,Bordeaux,Smartphone,Téléphonie,Apple,1200,Boutique Paris,Physique,Île-de-France,2023-03-08,4,
134,Charlie,29,Marseille,Smartphone,Téléphonie,Apple,1200,E-Shop,En ligne,National,2023-03-25,3,
135,David,40,Bordeaux,Casque audio,Accessoires,Sony,150,E-Shop,En ligne,National,2023-03-06,1,
136,David,40,Bordeaux,Ordinateur,Informatique,Dell,-800,Boutique Lyon,Physique,Auvergne-Rhône-Alpes,2023-05-19,1,
137,Charlie,29,Marseille,Smartphone,Téléphonie,Apple,1200,Boutique Lyon,Physique,Auvergne-Rhône-Alpes,2023-01-18,1,
138,Alice,25,Paris,Smartphone,Téléphonie,Apple,1200,Boutique Paris,Physique,Île-de-France,2023-01-06,5,
139,Bob,34,Lyon,Smartphone,Téléphonie,Apple,1200,Boutique Paris,Physique,Île-de-France,2023-05-02,1,
140,Emma,31,Toulouse,Smartphone,Téléphonie,Apple,1200,E-Shop,En ligne,National,2023-06-29,3,
141,Charlie,29,Marseille,Smartphone,Téléphonie,Apple,1200,Boutique Lyon,Physique,Auvergne-Rhône-Alpes,2023-06-05,1,
142,Bob,34,Lyon,Casque audio,Accessoires,Sony,150,Boutique Paris,Physique,Île-de-France,2023-05-29,1,
143,Charlie,29,Marseille,Montre connectée,Accessoires,Garmin,300,Boutique Lyon,Physique,Auvergne-Rhône-Alpes,2023-04-07,4,
144,Bob,34,Lyon,Ordinateur,Informatique,Dell,800,Boutique Lyon,Physique,Auvergne-Rhône-Alpes,2023-06-26,2,
145,Alice,-25,Paris,Casque audio,Accessoires,Sony,150,Boutique Lyon,Physique,Auvergne-Rhône-Alpes,2023-06-03,1,
146,78,31,Toulouse,Ordinateur,Informatique,Dell,800,E-Shop,En ligne,National,2023-05-17,4,
147,Charlie,29,Marseille,Ordinateur,Informatique,Dell,800,Boutique Lyon,Physique,Auvergne-Rhône-Alpes,2023-06-15,3,
148,Alice,25,Paris,Tablette,Informatique,Samsung,600,E-Shop,En ligne,National,2023-01-28,4,
149,Charlie,29,Marseille,Tablette,Informatique,Samsung,600,Boutique Lyon,Physique,Auvergne-Rhône-Alpes,2023-02-09,4,
150,Bob,34,Lyon,Montre connectée,Accessoires,Garmin,300,Boutique Lyon,Physique,Auvergne-Rhône-Alpes,2023-03-11,5,
151,Emma,31,Toulouse,Tablette,Informatique,Samsung,600,E-Shop,En ligne,National,2023-04-22,5,
152,Charlie,29,Marseille,Casque audio,Accessoires,Sony,150,Boutique Paris,Physique,Île-de-France,2023-01-23,3,
153,David,40,Bordeaux,Smartphone,Téléphonie,Apple,1200,E-Shop,En ligne,National,2023-05-26,5,
154,David,40,Bordeaux,Casque audio,Accessoires,Sony,150,Boutique Paris,Physique,Île-de-France,2023-05-07,3,
155,Bob,34,Lyon,Tablette,Informatique,Samsung,600,Boutique Paris,Physique,Île-de-France,2023-04-01,3,
156,Charlie,29,Marseille,Casque audio,Accessoires,Sony,150,Boutique Lyon,Physique,Auvergne-Rhône-Alpes,2023-06-29,3,
157,Emma,31,Toulouse,Ordinateur,Informatique,Dell,800,Boutique Lyon,Physique,Auvergne-Rhône-Alpes,2023-02-18,1,
158,Bob,34,Lyon,Tablette,Informatique,Samsung,600,E-Shop,En ligne,National,2023-05-23,2,
159,David,40,Bordeaux,Tablette,Informatique,Samsung,600,E-Shop,En ligne,National,2023-01-05,1,
160,Charlie,29,Marseille,Smartphone,Téléphonie,Apple,1200,E-Shop,En ligne,National,2023-06-27,2,
161,Charlie,29,Marseille,Montre connectée,Accessoires,Garmin,300,E-Shop,En ligne,National,2023-05-02,5,
162,Emma,31,Toulouse,Casque audio,Accessoires,Sony,150,E-Shop,En ligne,National,2023-05-21,3,
163,Charlie,29,Marseille,Tablette,Informatique,Samsung,600,E-Shop,En ligne,National,2023-03-20,3,
164,Bob,34,Lyon,Ordinateur,Informatique,Dell,800,Boutique Lyon,Physique,Auvergne-Rhône-Alpes,2023-02-19,3,
165,Alice,25,Paris,Montre connectée,Accessoires,Garmin,300,Boutique Lyon,Physique,Auvergne-Rhône-Alpes,2023-02-17,2,
166,Bob,34,Lyon,Tablette,Informatique,Samsung,600,E-Shop,En ligne,National,2023-05-31,5,
167,Emma,31,Toulouse,Casque audio,Accessoires,Sony,150,Boutique Paris,Physique,Île-de-France,2023-02-19,3,
168,Bob,34,Lyon,Casque audio,Accessoires,Sony,150,Boutique Paris,Physique,Île-de-France,2023-03-19,1,
169,Emma,31,Toulouse,Smartphone,Téléphonie,Apple,1200,E-Shop,En ligne,National,2023-01-12,1,
170,Emma,31,Toulouse,Casque audio,Accessoires,Sony,150,Boutique Lyon,Physique,Auvergne-Rhône-Alpes,2023-02-02,4,
171,Alice,25,Paris,Ordinateur,Informatique,Dell,800,Boutique Lyon,Physique,Auvergne-Rhône-Alpes,2023-03-14,4,
172,David,40,Bordeaux,Tablette,Informatique,Samsung,600,E-Shop,En ligne,National,2023-02-17,1,
173,Charlie,29,Marseille,Tablette,Informatique,Samsung,600,Boutique Paris,Physique,Île-de-France,2023-01-17,4,
174,David,40,Bordeaux,Ordinateur,Informatique,Dell,800,Boutique Lyon,Physique,Auvergne-Rhône-Alpes,2023-06-11,1,
175,Bob,34,Lyon,Smartphone,Téléphonie,Apple,1200,Boutique Lyon,Physique,Auvergne-Rhône-Alpes,2023-03-19,1,
176,Bob,34,Lyon,Ordinateur,Informatique,Dell,800,Boutique Lyon,Physique,Auvergne-Rhône-Alpes,2023-04-17,5,
177,Emma,31,Toulouse,Montre connectée,Accessoires,Garmin,300,Boutique Paris,Physique,Île-de-France,2023-05-14,4,
178,David,40,Bordeaux,Tablette,Informatique,Samsung,600,E-Shop,En ligne,National,2023-05-31,4,
179,Charlie,29,Marseille,Montre connectée,Accessoires,Garmin,300,Boutique Lyon,Physique,Auvergne-Rhône-Alpes,2023-01-16,5,
180,Alice,25,Paris,Smartphone,Téléphonie,Apple,1200,Boutique Lyon,Physique,Auvergne-Rhône-Alpes,2023-02-24,3,
181,Alice,25,Paris,Smartphone,Téléphonie,Apple,1200,Boutique Paris,Physique,Île-de-France,2023-02-14,5,
182,Alice,25,Paris,Smartphone,Téléphonie,Apple,1200,Boutique Paris,Physique,Île-de-France,2023-04-15,4,
183,Emma,31,Toulouse,Tablette,Informatique,Samsung,600,E-Shop,En ligne,National,2023-01-09,2,
184,Charlie,29,Marseille,Casque audio,Accessoires,Sony,150,Boutique Lyon,Physique,Auvergne-Rhône-Alpes,1745-04-27,1,
185,Bob,34,Lyon,Casque audio,Accessoires,Sony,150,Boutique Lyon,Physique,Auvergne-Rhône-Alpes,2023-05-31,2,
186,David,40,Bordeaux,Ordinateur,Informatique,Dell,800,Boutique Lyon,Physique,Auvergne-Rhône-Alpes,2023-02-27,2,
187,Charlie,29,Marseille,Smartphone,Téléphonie,Apple,1200,Boutique Paris,Physique,Île-de-France,2023-01-16,2,
188,Charlie,29,Marseille,Montre connectée,Accessoires,Garmin,-300,Boutique Lyon,Physique,Auvergne-Rhône-Alpes,2023-05-26,3,
189,David,40,Bordeaux,Ordinateur,Informatique,Dell,800,E-Shop,En ligne,National,2023-06-26,3,
190,David,40,Bordeaux,Casque audio,Accessoires,Sony,150,Boutique Lyon,Physique,Auvergne-Rhône-Alpes,2023-05-19,4,
191,David,40,Bordeaux,Ordinateur,Informatique,Dell,800,Boutique Lyon,Physique,Auvergne-Rhône-Alpes,2023-01-11,4,
192,Charlie,29,Marseille,Montre connectée,Accessoires,Garmin,300,E-Shop,En ligne,National,2023-01-07,1,
193,Bob,34,Lyon,Montre connectée,Accessoires,Garmin,300,Boutique Lyon,Physique,Auvergne-Rhône-Alpes,2023-01-06,3,
194,Emma,31,Toulouse,Ordinateur,Informatique,Dell,800,Boutique Paris,Physique,Île-de-France,2023-05-01,5,
195,David,40,Bordeaux,Casque audio,Accessoires,Sony,150,Boutique Paris,Physique,Île-de-France,2023-05-30,4,
196,David,40,Bordeaux,Ordinateur,Informatique,Dell,800,E-Shop,En ligne,National,2023-03-31,4,
197,Charlie,29,Marseille,Casque audio,Accessoires,Sony,150,Boutique Lyon,Physique,Auvergne-Rhône-Alpes,2023-01-27,2,
198,Charlie,29,Marseille,Tablette,Informatique,Samsung,600,Boutique Lyon,Physique,Auvergne-Rhône-Alpes,2023-05-07,3,
199,David,40,Bordeaux,Montre connectée,Accessoires,Garmin,300,Boutique Paris,Physique,Île-de-France,2023-04-27,1,
200,Charlie,29,Marseille,Casque audio,Accessoires,Sony,150,E-Shop,En ligne,National,2023-01-30,4,
201,Emma,31,Toulouse,Ordinateur,Informatique,Dell,800,Boutique Lyon,Physique,Auvergne-Rhône-Alpes,2023-05-19,4,
202,David,40,Bordeaux,Ordinateur,Informatique,Dell,800,Boutique Paris,Physique,Île-de-France,2023-05-13,3,
203,Emma,31,Toulouse,Tablette,Informatique,Samsung,600,Boutique Lyon,Physique,Auvergne-Rhône-Alpes,2023-04-24,1,
204,Bob,34,Lyon,Casque audio,Accessoires,Sony,150,Boutique Lyon,Physique,Auvergne-Rhône-Alpes,2023-02-03,3,
205,David,40,Bordeaux,Tablette,Informatique,Samsung,600,Boutique Paris,Physique,Île-de-France,2023-01-08,5,
206,Bob,34,Lyon,Smartphone,Téléphonie,Apple,1200,E-Shop,En ligne,National,2023-05-22,1,
207,Emma,31,Toulouse,Tablette,Informatique,Samsung,600,Boutique Paris,Physique,Île-de-France,2023-02-27,1,
208,David,40,Bordeaux,Ordinateur,Informatique,Dell,800,Boutique Lyon,Physique,Auvergne-Rhône-Alpes,2023-02-09,4,
209,Charlie,29,Marseille,Montre connectée,Accessoires,Garmin,300,Boutique Lyon,Physique,Auvergne-Rhône-Alpes,2023-03-11,4,
210,12,40,Bordeaux,Tablette,Informatique,Samsung,600,789,Physique,Île-de-France,2023-04-27,5,
211,Bob,34,Lyon,Tablette,Informatique,Samsung,600,Boutique Paris,Physique,Île-de-France,2023-06-03,5,
212,Bob,34,Lyon,Ordinateur,Informatique,Dell,800,E-Shop,En ligne,National,2023-04-17,3,
213,Emma,31,Toulouse,Casque audio,Accessoires,Sony,150,Boutique Paris,Physique,Île-de-France,2023-03-14,3,
214,Emma,31,Toulouse,Montre connectée,Accessoires,Garmin,300,Boutique Lyon,Physique,Auvergne-Rhône-Alpes,2023-05-06,2,
215,David,48781,Bordeaux,Montre connectée,Accessoires,Garmin,300,E-Shop,En ligne,National,2023-03-30,3,
216,Emma,31,Toulouse,Montre connectée,Accessoires,Garmin,300,E-Shop,En ligne,National,2023-04-27,3,
217,Bob,34,Lyon,Smartphone,Téléphonie,Apple,1200,Boutique Lyon,Physique,Auvergne-Rhône-Alpes,2023-04-09,2,
218,David,40,Bordeaux,Ordinateur,Informatique,Dell,800,E-Shop,En ligne,National,2023-05-02,4,
219,David,40,Bordeaux,Smartphone,Téléphonie,Apple,1200,E-Shop,En ligne,National,2023-01-10,2,
220,Emma,31,Toulouse,Montre connectée,Accessoires,Garmin,300,E-Shop,En ligne,National,2023-01-26,4,
221,Alice,25,Paris,Montre connectée,Accessoires,Garmin,300,E-Shop,En ligne,National,2023-01-04,2,
222,David,40,Bordeaux,Smartphone,Téléphonie,Apple,1200,Boutique Paris,Physique,Île-de-France,2023-05-01,3,
223,Charlie,29,Marseille,Montre connectée,Accessoires,Garmin,300,Boutique Lyon,Physique,Auvergne-Rhône-Alpes,2023-04-12,1,
224,Charlie,29,Marseille,Montre connectée,Accessoires,Garmin,300,E-Shop,En ligne,National,2023-03-23,4,
225,Emma,31,Toulouse,Ordinateur,Informatique,Dell,800,Boutique Lyon,Physique,Auvergne-Rhône-Alpes,2023-01-18,2,
226,Charlie,29,Marseille,Smartphone,3,Apple,1200,Boutique Lyon,Physique,Auvergne-Rhône-Alpes,2023-01-24,4,
227,Alice,25,Paris,Ordinateur,Informatique,Dell,800,E-Shop,En ligne,National,2023-02-12,3,
228,Alice,25,Paris,Ordinateur,Informatique,Dell,800,E-Shop,En ligne,National,2023-01-15,3,
229,Charlie,29,Marseille,Casque audio,Accessoires,Sony,150,E-Shop,En ligne,National,2023-02-07,2,
230,Emma,31,Toulouse,Tablette,Informatique,Samsung,600,Boutique Lyon,Physique,Auvergne-Rhône-Alpes,2023-06-24,2,
231,Bob,34,Lyon,Smartphone,Téléphonie,Apple,1200,Boutique Paris,Physique,Île-de-France,2023-06-06,4,
232,Emma,31,Toulouse,Smartphone,Téléphonie,Apple,1200,E-Shop,En ligne,National,2023-05-30,2,
233,Bob,34,Lyon,Tablette,Informatique,Samsung,600,Boutique Lyon,Physique,Auvergne-Rhône-Alpes,1632-03-07,4,
234,Charlie,29,Marseille,Ordinateur,Informatique,Dell,800,E-Shop,En ligne,National,2023-03-15,5,
235,Bob,34,Lyon,Ordinateur,Informatique,Dell,800,E-Shop,En ligne,National,2023-03-30,5,
236,Charlie,29,Marseille,Tablette,Informatique,Samsung,600,Boutique Lyon,Physique,Auvergne-Rhône-Alpes,2023-03-06,4,
237,Charlie,29,Marseille,Smartphone,Téléphonie,Apple,1200,E-Shop,En ligne,National,2023-05-04,1,
238,Bob,34,Lyon,Tablette,Informatique,Samsung,600,Boutique Lyon,Physique,Auvergne-Rhône-Alpes,2023-04-02,5,
239,Charlie,29,Marseille,Casque audio,Accessoires,Sony,150,Boutique Paris,Physique,Île-de-France,2023-06-18,4,
240,Charlie,29,Marseille,Ordinateur,Informatique,Dell,800,Boutique Lyon,Physique,Auvergne-Rhône-Alpes,2023-06-25,1,
241,Emma,31,Toulouse,Tablette,Informatique,Samsung,600,E-Shop,En ligne,National,2023-02-28,5,
242,Charlie,29,Marseille,Smartphone,Téléphonie,Apple,1200,Boutique Lyon,Physique,Auvergne-Rhône-Alpes,2023-02-18,5,
243,Charlie,29,Marseille,Smartphone,Téléphonie,Apple,1200,Boutique Lyon,Physique,Auvergne-Rhône-Alpes,2023-01-25,1,
244,Charlie,29,Marseille,Tablette,Informatique,Samsung,600,Boutique Paris,Physique,Île-de-France,2023-05-29,3,
245,Bob,34,Lyon,Ordinateur,Informatique,Dell,800,E-Shop,En ligne,National,2023-03-25,4,
246,Bob,34,Lyon,Smartphone,Téléphonie,Apple,1200,Boutique Paris,Physique,Île-de-France,2023-05-19,3,
247,Emma,31,Toulouse,Montre connectée,Accessoires,Garmin,300,E-Shop,En ligne,National,2023-02-12,3,
248,David,40,Bordeaux,Casque audio,Accessoires,Sony,150,Boutique Lyon,Physique,Auvergne-Rhône-Alpes,2023-03-28,1,
249,David,40,Bordeaux,Ordinateur,Informatique,Dell,800,Boutique Paris,Physique,Île-de-France,2023-02-27,4,
250,Emma,31,Toulouse,Casque audio,Accessoires,Sony,150,Boutique Paris,Physique,Île-de-France,2023-04-12,1,
251,Charlie,29,Marseille,Montre connectée,Accessoires,Garmin,300,Boutique Paris,Physique,Île-de-France,2023-04-27,3,
252,Charlie,29,Marseille,Montre connectée,Accessoires,Garmin,300,E-Shop,En ligne,National,2023-06-13,3,
253,Alice,25,Paris,Smartphone,Téléphonie,Apple,1200,E-Shop,En ligne,National,2023-01-07,5,
254,Emma,31,Toulouse,Casque audio,Accessoires,Sony,150,Boutique Lyon,Physique,Auvergne-Rhône-Alpes,2023-02-26,1,
255,David,40,Bordeaux,Casque audio,Accessoires,Sony,150,Boutique Lyon,Physique,Auvergne-Rhône-Alpes,2023-04-15,1,
256,Bob,34,Lyon,Ordinateur,Informatique,Dell,800,Boutique Paris,Physique,Île-de-France,2023-03-19,4,
257,Alice,25,Paris,Ordinateur,Informatique,Dell,800,Boutique Paris,Physique,Île-de-France,2023-05-18,2,
258,David,40,Bordeaux,Tablette,Informatique,Samsung,600,E-Shop,En ligne,National,2023-06-21,5,
259,David,40,Bordeaux,Montre connectée,Accessoires,Garmin,300,Boutique Lyon,Physique,Auvergne-Rhône-Alpes,2023-02-09,4,
260,Alice,25,Paris,Tablette,Informatique,Samsung,600,Boutique Lyon,Physique,Auvergne-Rhône-Alpes,2023-04-15,3,
261,Alice,25,Paris,Casque audio,Accessoires,Sony,150,Boutique Paris,Physique,Île-de-France,2023-04-24,4,
262,Bob,34,Lyon,Casque audio,Accessoires,Sony,150,Boutique Paris,Physique,Île-de-France,2023-06-25,3,
263,Emma,31,Toulouse,Casque audio,Accessoires,Sony,150,4751,Physique,Île-de-France,2023-04-12,3,
264,Bob,34,Lyon,Ordinateur,Informatique,Dell,800,E-Shop,En ligne,National,2023-01-24,2,
265,Emma,31,Toulouse,Ordinateur,Informatique,Dell,800,Boutique Paris,Physique,Île-de-France,2023-03-27,2,
266,Bob,34,Lyon,Montre connectée,Accessoires,Garmin,300,Boutique Paris,Physique,Île-de-France,2023-01-18,5,
267,Bob,34,Lyon,Montre connectée,Accessoires,Garmin,300,Boutique Paris,Physique,Île-de-France,2023-03-01,3,
268,Bob,34,Lyon,Montre connectée,Accessoires,Garmin,300,Boutique Paris,Physique,Île-de-France,2023-03-12,2,
269,Bob,34,Lyon,Montre connectée,Accessoires,Garmin,300,E-Shop,En ligne,National,2023-02-14,1,
270,Alice,25,Paris,Smartphone,Téléphonie,Apple,1200,Boutique Paris,Physique,Île-de-France,2023-04-02,2,
271,Emma,31,Toulouse,Casque audio,Accessoires,Sony,150,Boutique Paris,Physique,Île-de-France,2023-02-14,3,
272,Alice,25,Paris,Smartphone,Téléphonie,Apple,1200,Boutique Lyon,Physique,Auvergne-Rhône-Alpes,2023-04-18,5,
273,Alice,25,Paris,Ordinateur,Informatique,Dell,800,E-Shop,En ligne,National,2023-04-25,3,
274,Emma,31,Toulouse,Montre connectée,Accessoires,Garmin,300,Boutique Paris,Physique,Île-de-France,2023-04-26,5,
275,Bob,34,Lyon,Montre connectée,Accessoires,Garmin,300,Boutique Paris,Physique,Île-de-France,2023-06-18,5,
276,Charlie,29,Marseille,Tablette,Informatique,Samsung,600,Boutique Lyon,Physique,Auvergne-Rhône-Alpes,2023-01-08,1,
277,David,40,Bordeaux,Tablette,Informatique,Samsung,600,E-Shop,En ligne,National,2023-06-25,1,
278,David,40,Bordeaux,Tablette,Informatique,Samsung,600,Boutique Paris,Physique,Île-de-France,2023-01-21,3,
279,Emma,31,Toulouse,Smartphone,Téléphonie,Apple,1200,Boutique Paris,Physique,Île-de-France,2023-02-02,3,
280,Emma,31,Toulouse,Montre connectée,Accessoires,Garmin,300,Boutique Lyon,Physique,Auvergne-Rhône-Alpes,2023-03-25,4,
281,Emma,31,Toulouse,Montre connectée,Accessoires,Garmin,300,E-Shop,En ligne,National,2023-04-27,5,
282,Emma,31,Toulouse,Tablette,Informatique,Samsung,-600,Boutique Paris,Physique,Île-de-France,2023-06-29,1,
283,Emma,31,Toulouse,Smartphone,Téléphonie,Apple,1200,E-Shop,En ligne,National,2023-04-26,2,
284,David,40,Bordeaux,Casque audio,Accessoires,Sony,150,E-Shop,En ligne,National,2023-04-13,4,
285,Alice,25,Paris,Casque audio,Accessoires,Sony,150,E-Shop,En ligne,National,2023-03-22,3,
286,Charlie,29,Marseille,Smartphone,Téléphonie,Apple,1200,Boutique Lyon,Physique,Auvergne-Rhône-Alpes,2023-05-02,1,
287,Alice,25,Paris,Ordinateur,Informatique,Dell,800,Boutique Paris,Physique,Île-de-France,2023-04-21,1,
288,Charlie,29,Marseille,Smartphone,Téléphonie,Apple,1200,Boutique Lyon,Physique,Auvergne-Rhône-Alpes,1742-01-16,5,
289,Emma,31,Toulouse,Montre connectée,Accessoires,Garmin,300,E-Shop,En ligne,National,2023-06-21,1,
290,David,40,Bordeaux,Casque audio,Accessoires,Sony,150,Boutique Lyon,Physique,Auvergne-Rhône-Alpes,2023-04-19,1,
291,Charlie,29,Marseille,Montre connectée,Accessoires,Garmin,300,E-Shop,En ligne,National,2023-04-01,1,
292,Emma,31,Toulouse,Montre connectée,Accessoires,Garmin,300,Boutique Paris,Physique,Île-de-France,2023-02-09,4,
293,Bob,34,Lyon,Ordinateur,Informatique,Dell,800,E-Shop,En ligne,National,2023-05-23,3,
294,Alice,25,Paris,Casque audio,Accessoires,Sony,150,Boutique Lyon,Physique,Auvergne-Rhône-Alpes,2023-02-27,4,
295,Emma,31,Toulouse,Montre connectée,Accessoires,Garmin,300,Boutique Lyon,Physique,Auvergne-Rhône-Alpes,2023-06-22,5,
296,Alice,25,Paris,Montre connectée,Accessoires,Garmin,300,Boutique Lyon,Physique,Auvergne-Rhône-Alpes,2023-06-27,3,
297,Alice,25,Paris,Smartphone,Téléphonie,Apple,1200,E-Shop,En ligne,National,2023-06-29,3,
298,Charlie,29,Marseille,Casque audio,Accessoires,Sony,150,Boutique Paris,Physique,Île-de-France,2023-02-16,2,
299,Emma,31,Toulouse,Tablette,Informatique,Samsung,600,Boutique Paris,Physique,Île-de-France,2023-02-06,1,
300,Alice,25,Paris,Montre connectée,Accessoires,Garmin,300,Boutique Paris,Physique,Île-de-France,2023-04-07,4,
301,David,40,Bordeaux,Casque audio,Accessoires,Sony,150,Boutique Paris,Physique,Île-de-France,2023-04-05,3,
302,Charlie,29,Marseille,Montre connectée,Accessoires,Garmin,300,Boutique Lyon,Physique,Auvergne-Rhône-Alpes,2023-01-22,1,
303,Bob,34,Lyon,Smartphone,Téléphonie,Apple,1200,Boutique Lyon,Physique,Auvergne-Rhône-Alpes,2023-01-13,1,
304,Charlie,29,Marseille,Tablette,Informatique,Samsung,600,Boutique Lyon,Physique,Auvergne-Rhône-Alpes,2023-04-19,4,
305,Emma,31,Toulouse,Tablette,Informatique,Samsung,600,E-Shop,En ligne,National,2023-03-11,2,
306,Emma,31,Toulouse,Ordinateur,Informatique,Dell,800,E-Shop,En ligne,National,2023-04-21,1,
307,Charlie,29,Marseille,Montre connectée,Accessoires,Garmin,300,E-Shop,En ligne,National,2023-05-15,3,
308,Alice,25,Paris,Smartphone,3,Apple,1200,E-Shop,En ligne,National,2023-06-03,1,
309,Alice,25,Paris,Smartphone,Téléphonie,Apple,1200,E-Shop,En ligne,National,2023-02-24,2,
310,Charlie,29,Marseille,Casque audio,Accessoires,Sony,150,E-Shop,En ligne,National,2023-01-31,1,
311,David,40,Bordeaux,Tablette,Informatique,Samsung,600,Boutique Paris,Physique,Île-de-France,2023-02-03,4,
312,Emma,31,Toulouse,Smartphone,Téléphonie,Apple,1200,Boutique Lyon,Physique,Auvergne-Rhône-Alpes,2023-05-24,3,
313,Alice,25,Paris,Tablette,Informatique,Samsung,600,Boutique Lyon,Physique,Auvergne-Rhône-Alpes,2023-01-11,4,
314,Alice,25,Paris,Tablette,Informatique,Samsung,600,Boutique Paris,Physique,Île-de-France,2023-03-22,5,
315,David,40,Bordeaux,Montre connectée,Accessoires,Garmin,300,E-Shop,En ligne,National,2023-06-13,4,
316,Charlie,29,Marseille,Ordinateur,Informatique,Dell,800,E-Shop,En ligne,National,2023-01-06,3,
317,Bob,34,Lyon,Montre connectée,Accessoires,Garmin,300,E-Shop,En ligne,National,2023-06-26,3,
318,Alice,25,Paris,Tablette,Informatique,Samsung,-600,Boutique Paris,Physique,Île-de-France,2023-03-04,4,
319,Emma,31,Toulouse,Tablette,Informatique,Samsung,600,Boutique Lyon,Physique,Auvergne-Rhône-Alpes,2023-01-21,4,
320,Charlie,29,Marseille,Casque audio,Accessoires,Sony,150,Boutique Paris,Physique,Île-de-France,2023-03-27,2,
321,Alice,25,Paris,Montre connectée,Accessoires,Garmin,300,Boutique Lyon,Physique,Auvergne-Rhône-Alpes,2023-01-30,5,
322,Emma,31,Toulouse,Smartphone,Téléphonie,Apple,1200,E-Shop,En ligne,National,2023-03-31,2,
323,Bob,34,Lyon,Ordinateur,Informatique,Dell,800,Boutique Paris,Physique,Île-de-France,2023-03-07,2,
324,Bob,34,Lyon,Montre connectée,Accessoires,Garmin,300,Boutique Paris,Physique,Île-de-France,2023-06-17,1,
325,Bob,34,Lyon,Tablette,Informatique,Samsung,600,E-Shop,En ligne,National,2023-05-25,5,
326,David,40,Bordeaux,Montre connectée,Accessoires,Garmin,300,Boutique Lyon,Physique,Auvergne-Rhône-Alpes,2023-06-12,5,
327,Charlie,29,Marseille,Casque audio,Accessoires,Sony,150,Boutique Paris,Physique,Île-de-France,2023-04-23,1,
328,David,40,Bordeaux,Tablette,Informatique,Samsung,600,Boutique Lyon,Physique,Auvergne-Rhône-Alpes,2023-03-19,3,
329,Emma,31,Toulouse,Ordinateur,Informatique,Dell,800,E-Shop,En ligne,National,2023-05-10,1,
330,Charlie,29,Marseille,Tablette,Informatique,Samsung,600,E-Shop,En ligne,National,2023-01-10,1,
331,Charlie,29,Marseille,Casque audio,Accessoires,Sony,150,Boutique Paris,Physique,Île-de-France,2023-06-15,1,
332,Emma,31,Toulouse,Montre connectée,Accessoires,Garmin,300,Boutique Lyon,Physique,Auvergne-Rhône-Alpes,2023-04-09,4,
333,Emma,31,Toulouse,Montre connectée,Accessoires,Garmin,300,Boutique Lyon,Physique,Auvergne-Rhône-Alpes,2023-01-11,4,
334,Emma,31,Toulouse,Smartphone,Téléphonie,Apple,1200,E-Shop,En ligne,National,2023-06-04,4,
335,Emma,31,Toulouse,Smartphone,Téléphonie,Apple,1200,Boutique Paris,Physique,Île-de-France,2023-04-26,1,
336,Charlie,29,Marseille,Ordinateur,Informatique,Dell,800,Boutique Lyon,Physique,Auvergne-Rhône-Alpes,2023-06-15,2,
337,Alice,25,Paris,Smartphone,Téléphonie,Apple,1200,Boutique Lyon,Physique,Auvergne-Rhône-Alpes,2023-04-23,4,
338,Emma,31,Toulouse,Montre connectée,Accessoires,Garmin,300,Boutique Lyon,Physique,Auvergne-Rhône-Alpes,2023-02-10,3,
339,Charlie,29,Marseille,Casque audio,Accessoires,Sony,150,E-Shop,En ligne,National,2023-04-15,3,
340,Emma,31,Toulouse,Ordinateur,Informatique,Dell,800,Boutique Lyon,Physique,Auvergne-Rhône-Alpes,2023-06-15,3,
341,Alice,25,Paris,Casque audio,Accessoires,Sony,150,Boutique Paris,Physique,Île-de-France,2023-05-23,4,
342,Charlie,29,Marseille,Casque audio,Accessoires,Sony,150,Boutique Lyon,Physique,Auvergne-Rhône-Alpes,2023-06-18,5,
343,Bob,34,Lyon,Casque audio,Accessoires,Sony,150,Boutique Paris,Physique,Île-de-France,2023-05-30,2,
344,Charlie,29,Marseille,Casque audio,Accessoires,Sony,150,Boutique Lyon,Physique,Auvergne-Rhône-Alpes,1702-06-28,4,
345,Bob,34,Lyon,Montre connectée,Accessoires,Garmin,300,Boutique Lyon,Physique,Auvergne-Rhône-Alpes,2023-01-22,3,
346,Emma,31,Toulouse,Tablette,Informatique,Samsung,600,Boutique Lyon,Physique,Auvergne-Rhône-Alpes,2023-03-26,2,
347,Emma,31,Toulouse,Ordinateur,Informatique,Dell,800,Boutique Lyon,Physique,Auvergne-Rhône-Alpes,2023-06-21,4,
348,Emma,31,Toulouse,Casque audio,Accessoires,Sony,150,Boutique Paris,Physique,Île-de-France,2023-04-03,3,
349,Bob,34,Lyon,Smartphone,3,Apple,1200,E-Shop,En ligne,National,2023-05-05,2,
350,Bob,34,Lyon,Smartphone,Téléphonie,Apple,1200,Boutique Paris,Physique,Île-de-France,2023-01-20,3,
351,Alice,25,Paris,Montre connectée,Accessoires,Garmin,300,Boutique Lyon,Physique,Auvergne-Rhône-Alpes,2023-05-15,1,
352,Charlie,29,Marseille,Montre connectée,Accessoires,Garmin,300,Boutique Paris,Physique,Île-de-France,2023-06-02,4,
353,Bob,34,Lyon,Smartphone,Téléphonie,Apple,1200,Boutique Paris,Physique,Île-de-France,2023-06-27,5,
354,Bob,34,Lyon,Tablette,Informatique,Samsung,600,Boutique Paris,Physique,Île-de-France,2023-04-16,3,
355,Bob,34,Lyon,Tablette,Informatique,Samsung,600,Boutique Lyon,Physique,Auvergne-Rhône-Alpes,2023-03-14,4,
356,Bob,34,Lyon,Montre connectée,Accessoires,Garmin,300,Boutique Paris,Physique,Île-de-France,2023-03-21,4,
357,Bob,34,Lyon,Casque audio,Accessoires,Sony,150,Boutique Lyon,Physique,Auvergne-Rhône-Alpes,2023-05-27,4,
358,David,40,Bordeaux,Casque audio,Accessoires,Sony,150,E-Shop,En ligne,National,2023-05-09,5,
359,David,40,Bordeaux,Smartphone,Téléphonie,Apple,1200,Boutique Paris,Physique,Île-de-France,2023-06-04,2,
360,Charlie,29,Marseille,Ordinateur,Informatique,Dell,800,Boutique Lyon,Physique,Auvergne-Rhône-Alpes,2023-05-04,3,
361,Emma,31,Toulouse,Ordinateur,Informatique,Dell,800,Boutique Lyon,Physique,Auvergne-Rhône-Alpes,2023-05-13,1,
362,Charlie,29,Marseille,Ordinateur,Informatique,Dell,800,Boutique Paris,Physique,Île-de-France,2023-03-11,4,
363,Emma,31,Toulouse,Smartphone,Téléphonie,Apple,1200,E-Shop,En ligne,National,2023-01-24,,
364,David,40,Bordeaux,Casque audio,Accessoires,Sony,150,Boutique Paris,Physique,Île-de-France,2023-04-17,1,
365,David,40,Bordeaux,Montre connectée,Accessoires,Garmin,300,E-Shop,En ligne,National,2023-03-02,4,
366,Alice,25,Paris,Casque audio,Accessoires,Sony,150,Boutique Paris,Physique,Île-de-France,2023-01-08,3,
367,Alice,25,Paris,Casque audio,Accessoires,Sony,150,Boutique Paris,Physique,Île-de-France,2023-02-05,1,
368,Charlie,29,Marseille,Tablette,Informatique,Samsung,600,Boutique Lyon,Physique,Auvergne-Rhône-Alpes,2023-02-05,4,
369,David,40,Bordeaux,Montre connectée,Accessoires,Garmin,300,Boutique Paris,Physique,Île-de-France,2023-01-21,1,
370,Charlie,29,Marseille,Smartphone,Téléphonie,Apple,1200,Boutique Paris,Physique,Île-de-France,2023-05-21,5,
371,Emma,31,Toulouse,Tablette,Informatique,Samsung,600,Boutique Paris,Physique,Île-de-France,2023-03-15,2,
372,Charlie,29,Marseille,Ordinateur,Informatique,Dell,800,Boutique Paris,Physique,Île-de-France,2023-03-03,4,
373,Emma,31,Toulouse,Tablette,Informatique,Samsung,600,Boutique Paris,Physique,Île-de-France,2023-01-29,4,
374,Emma,31,Toulouse,Montre connectée,Accessoires,Garmin,-300,Boutique Paris,Physique,Île-de-France,2023-06-11,5,
375,Emma,31,Toulouse,Smartphone,Téléphonie,Apple,1200,3547,Physique,Auvergne-Rhône-Alpes,2023-02-06,3,
376,David,40,Bordeaux,Ordinateur,Informatique,Dell,800,Boutique Lyon,Physique,Auvergne-Rhône-Alpes,2023-04-01,2,
377,Emma,31,Toulouse,Tablette,Informatique,Samsung,-600,Boutique Paris,Physique,Île-de-France,2023-06-20,1,
378,Emma,31,Toulouse,Casque audio,Accessoires,Sony,150,Boutique Paris,Physique,Île-de-France,2023-05-15,5,
379,Emma,31,Toulouse,Montre connectée,Accessoires,Garmin,300,Boutique Lyon,Physique,Auvergne-Rhône-Alpes,2023-01-06,4,
380,David,40,Bordeaux,Ordinateur,Informatique,Dell,800,Boutique Lyon,Physique,Auvergne-Rhône-Alpes,2023-04-10,3,
381,Charlie,29,Marseille,Ordinateur,Informatique,Dell,800,E-Shop,En ligne,National,2023-01-18,3,
382,Bob,34,Lyon,Ordinateur,Informatique,Dell,800,Boutique Lyon,Physique,Auvergne-Rhône-Alpes,2023-03-27,2,
383,Alice,25,Paris,Casque audio,Accessoires,Sony,150,Boutique Lyon,Physique,Auvergne-Rhône-Alpes,2023-03-28,2,
384,David,40,Bordeaux,Tablette,Informatique,Samsung,600,Boutique Lyon,Physique,Auvergne-Rhône-Alpes,2023-02-16,2,
385,Alice,25,Paris,Tablette,Informatique,Samsung,600,Boutique Paris,Physique,Île-de-France,2023-03-17,2,
386,Alice,25,Paris,Smartphone,Téléphonie,Apple,1200,Boutique Paris,Physique,Île-de-France,2023-03-22,3,
387,Emma,31,Toulouse,Tablette,Informatique,Samsung,600,Boutique Lyon,Physique,Auvergne-Rhône-Alpes,2023-05-02,3,
388,Alice,25,Paris,Smartphone,Téléphonie,Apple,1200,E-Shop,En ligne,National,2023-04-02,1,
389,Charlie,29,Marseille,Casque audio,Accessoires,Sony,150,Boutique Paris,Physique,Île-de-France,2023-04-05,4,
390,David,40,Bordeaux,Tablette,Informatique,Samsung,600,E-Shop,En ligne,National,2023-03-28,2,
391,David,40,Bordeaux,Tablette,Informatique,Samsung,600,E-Shop,En ligne,National,2023-05-13,3,
392,Alice,25,Paris,Tablette,Informatique,Samsung,600,Boutique Paris,Physique,Île-de-France,2023-04-21,5,
393,Bob,34,Lyon,Montre connectée,Accessoires,Garmin,300,E-Shop,En ligne,National,2023-03-24,1,
394,Alice,25,Paris,Casque audio,Accessoires,Sony,150,Boutique Lyon,Physique,Auvergne-Rhône-Alpes,2023-03-17,3,
395,David,40,Bordeaux,Montre connectée,Accessoires,Garmin,300,Boutique Lyon,Physique,Auvergne-Rhône-Alpes,2023-04-20,2,
396,David,40,Bordeaux,Casque audio,Accessoires,Sony,150,E-Shop,En ligne,National,2023-01-11,3,
397,Emma,31,Toulouse,Tablette,Informatique,Samsung,600,E-Shop,En ligne,National,2023-06-13,1,
398,Alice,25,Paris,Tablette,Informatique,Samsung,600,E-Shop,En ligne,National,2023-05-12,2,
399,Alice,25,Paris,Smartphone,Téléphonie,Apple,1200,Boutique Lyon,Physique,Auvergne-Rhône-Alpes,2023-06-23,4,
400,Alice,25,Paris,Smartphone,Téléphonie,Apple,1200,Boutique Paris,Physique,Île-de-France,2023-03-02,3,
401,Charlie,29,Marseille,Tablette,Informatique,Samsung,600,Boutique Lyon,Physique,Auvergne-Rhône-Alpes,2023-01-09,5,
402,Bob,34,Lyon,Tablette,Informatique,Samsung,600,E-Shop,En ligne,National,2023-04-06,4,
403,Alice,25,Paris,Montre connectée,Accessoires,Garmin,300,Boutique Paris,Physique,Île-de-France,2023-05-16,3,
404,David,40,Bordeaux,Casque audio,Accessoires,Sony,150,Boutique Lyon,Physique,Auvergne-Rhône-Alpes,2023-03-13,2,
405,Alice,25,Paris,Ordinateur,Informatique,Dell,800,Boutique Lyon,Physique,Auvergne-Rhône-Alpes,2023-02-17,4,
406,Emma,31,Toulouse,Tablette,Informatique,Samsung,600,Boutique Lyon,Physique,Auvergne-Rhône-Alpes,2023-01-31,3,
407,Charlie,29,Marseille,Tablette,Informatique,Samsung,600,Boutique Paris,Physique,Île-de-France,2023-06-06,3,
408,David,40,Bordeaux,Smartphone,Téléphonie,Apple,1200,Boutique Paris,Physique,Île-de-France,2023-02-04,1,
409,David,40,Bordeaux,Smartphone,Téléphonie,Apple,1200,Boutique Lyon,Physique,Auvergne-Rhône-Alpes,2023-04-24,1,
410,Charlie,29,Marseille,Casque audio,Accessoires,Sony,150,Boutique Lyon,Physique,Auvergne-Rhône-Alpes,2023-01-17,5,
411,Emma,31,Toulouse,Casque audio,Accessoires,Sony,150,E-Shop,En ligne,National,2023-02-10,2,
412,Charlie,29,Marseille,Montre connectée,Accessoires,Garmin,300,Boutique Paris,Physique,Île-de-France,2023-02-01,2,
413,Bob,34,Lyon,Smartphone,Téléphonie,Apple,1200,E-Shop,En ligne,National,2023-01-07,3,
414,Emma,31,Toulouse,Montre connectée,Accessoires,Garmin,300,E-Shop,En ligne,National,2023-04-30,5,
415,Bob,34,Lyon,Montre connectée,Accessoires,Garmin,300,Boutique Paris,Physique,Île-de-France,2023-01-17,3,
416,David,40,Bordeaux,Tablette,Informatique,Samsung,600,Boutique Lyon,Physique,Auvergne-Rhône-Alpes,2023-04-16,4,
417,Emma,31,Toulouse,Ordinateur,Informatique,Dell,800,Boutique Paris,Physique,Île-de-France,2023-03-23,1,
418,David,40,Bordeaux,Tablette,Informatique,Samsung,600,Boutique Lyon,Physique,Auvergne-Rhône-Alpes,2023-05-13,3,
419,Bob,34,Lyon,Montre connectée,Accessoires,Garmin,300,Boutique Lyon,Physique,Auvergne-Rhône-Alpes,2023-05-31,2,
420,Bob,34,Lyon,Tablette,Informatique,Samsung,600,Boutique Lyon,Physique,Auvergne-Rhône-Alpes,2023-01-15,1,
421,Emma,31,Toulouse,Smartphone,Téléphonie,Apple,1200,E-Shop,En ligne,National,2023-02-12,2,
422,Charlie,29,Marseille,Smartphone,Téléphonie,Apple,1200,E-Shop,En ligne,National,2023-05-13,3,
423,Alice,25,Paris,Casque audio,Accessoires,Sony,150,Boutique Paris,Physique,Île-de-France,2023-06-12,5,
424,Charlie,29,Marseille,Smartphone,Téléphonie,Apple,1200,Boutique Lyon,Physique,Auvergne-Rhône-Alpes,2023-03-19,5,
425,Emma,31,Toulouse,Ordinateur,Informatique,Dell,800,Boutique Lyon,Physique,Auvergne-Rhône-Alpes,2023-06-14,2,
426,Emma,31,Toulouse,Montre connectée,Accessoires,Garmin,300,Boutique Paris,Physique,Île-de-France,2023-02-13,5,
427,Emma,31,Toulouse,Casque audio,Accessoires,Sony,150,Boutique Lyon,Physique,Auvergne-Rhône-Alpes,2023-01-11,1,
428,Alice,25,Paris,Ordinateur,Informatique,Dell,800,Boutique Lyon,Physique,Auvergne-Rhône-Alpes,2023-05-28,3,
429,Bob,34,Lyon,Montre connectée,Accessoires,Garmin,300,E-Shop,En ligne,National,2023-06-08,1,
430,David,40,Bordeaux,Montre connectée,Accessoires,Garmin,300,E-Shop,En ligne,National,2023-06-14,3,
431,David,40,Bordeaux,Smartphone,Téléphonie,Apple,1200,Boutique Lyon,Physique,Auvergne-Rhône-Alpes,1852-04-14,3,
432,David,40,Bordeaux,Ordinateur,Informatique,Dell,800,Boutique Lyon,Physique,Auvergne-Rhône-Alpes,2023-01-16,2,
433,David,40,Bordeaux,Tablette,Informatique,Samsung,600,E-Shop,En ligne,National,2023-04-29,2,
434,Charlie,29,Marseille,Montre connectée,Accessoires,Garmin,300,Boutique Paris,Physique,Île-de-France,2023-03-22,3,
435,Charlie,29,Marseille,Tablette,Informatique,Samsung,600,Boutique Paris,Physique,Île-de-France,2023-04-05,5,
436,Emma,31,Toulouse,Ordinateur,Informatique,Dell,800,E-Shop,En ligne,National,2023-03-03,4,
437,Alice,25,Paris,Casque audio,Accessoires,Sony,150,E-Shop,En ligne,National,2023-03-05,2,
438,Alice,25,Paris,Ordinateur,Informatique,Dell,800,E-Shop,En ligne,National,2023-04-09,5,
439,David,40,Bordeaux,Smartphone,Téléphonie,Apple,1200,Boutique Paris,Physique,Île-de-France,2023-03-25,5,
440,Charlie,29,Marseille,Smartphone,Téléphonie,Apple,1200,Boutique Paris,Physique,Île-de-France,2023-05-08,5,
441,David,40,Bordeaux,Tablette,Informatique,Samsung,600,E-Shop,En ligne,National,2023-05-08,1,
442,Alice,25,Paris,Tablette,Informatique,Samsung,600,Boutique Lyon,Physique,Auvergne-Rhône-Alpes,2023-04-28,2,
443,Bob,34,Lyon,Montre connectée,Accessoires,Garmin,300,E-Shop,En ligne,National,2023-01-13,1,
444,Charlie,29,Marseille,Tablette,Informatique,Samsung,600,Boutique Lyon,Physique,Auvergne-Rhône-Alpes,2023-06-17,4,
445,Charlie,29,Marseille,Montre connectée,Accessoires,Garmin,300,Boutique Paris,Physique,Île-de-France,2023-01-28,4,
446,Bob,34,Lyon,Casque audio,Accessoires,Sony,150,Boutique Lyon,Physique,Auvergne-Rhône-Alpes,2023-04-04,,
447,Charlie,29,Marseille,Ordinateur,Informatique,Dell,800,E-Shop,En ligne,National,2023-01-14,5,
448,Emma,31,Toulouse,Smartphone,Téléphonie,Apple,-1200,E-Shop,En ligne,National,2023-05-22,3,
449,Alice,25,Paris,Tablette,Informatique,Samsung,600,Boutique Lyon,Physique,Auvergne-Rhône-Alpes,2023-04-26,5,
450,Charlie,29,Marseille,Montre connectée,Accessoires,Garmin,300,Boutique Lyon,Physique,Auvergne-Rhône-Alpes,2023-06-06,1,
451,Bob,34,Lyon,Ordinateur,Informatique,Dell,800,E-Shop,En ligne,National,2023-04-06,3,
452,Emma,31,Toulouse,Casque audio,Accessoires,Sony,150,Boutique Paris,Physique,Île-de-France,2023-02-20,5,
453,Emma,31,Toulouse,Tablette,Informatique,Samsung,600,Boutique Lyon,Physique,Auvergne-Rhône-Alpes,2023-01-11,1,
454,Alice,25,Paris,Smartphone,Téléphonie,Apple,1200,Boutique Lyon,Physique,Auvergne-Rhône-Alpes,2023-03-27,4,
455,Emma,31,Toulouse,Tablette,Informatique,Samsung,600,Boutique Paris,Physique,Île-de-France,2023-06-05,5,
456,Bob,34,Lyon,Casque audio,Accessoires,Sony,150,Boutique Lyon,Physique,Auvergne-Rhône-Alpes,2023-03-23,2,
457,David,40,Bordeaux,Montre connectée,Accessoires,Garmin,300,Boutique Lyon,Physique,Auvergne-Rhône-Alpes,2023-03-18,5,
458,Charlie,29,Marseille,Montre connectée,Accessoires,Garmin,300,Boutique Lyon,Physique,Auvergne-Rhône-Alpes,2023-05-17,4,
459,Emma,31,Toulouse,Casque audio,Accessoires,Sony,150,E-Shop,En ligne,National,2023-01-05,3,
460,Charlie,29,Marseille,Ordinateur,Informatique,Dell,800,E-Shop,En ligne,National,2023-05-30,3,
461,Alice,25,Paris,Montre connectée,Accessoires,Garmin,300,E-Shop,En ligne,National,2023-03-09,5,
462,Emma,31,Toulouse,Smartphone,Téléphonie,Apple,1200,Boutique Lyon,Physique,Auvergne-Rhône-Alpes,2023-01-14,5,
463,David,40,Bordeaux,Smartphone,Téléphonie,Apple,1200,3547,Physique,Auvergne-Rhône-Alpes,2023-06-11,5,
464,David,40,Bordeaux,Smartphone,Téléphonie,Apple,1200,Boutique Lyon,Physique,Auvergne-Rhône-Alpes,2023-03-04,1,
465,Emma,31,Toulouse,Ordinateur,Informatique,Dell,800,Boutique Paris,Physique,Île-de-France,2023-01-05,4,
466,Charlie,29,Marseille,Tablette,Informatique,Samsung,600,Boutique Paris,Physique,Île-de-France,2023-04-16,2,
467,David,40,Bordeaux,Montre connectée,Accessoires,Garmin,300,Boutique Lyon,Physique,Auvergne-Rhône-Alpes,2023-05-01,1,
468,Bob,34,Lyon,Montre connectée,Accessoires,Garmin,300,Boutique Paris,Physique,Île-de-France,2023-05-24,3,
469,David,40,Bordeaux,Montre connectée,Accessoires,Garmin,300,E-Shop,En ligne,National,2023-03-22,2,
470,David,40,Bordeaux,Montre connectée,Accessoires,Garmin,300,E-Shop,En ligne,National,2023-05-20,3,
471,Charlie,29,Marseille,Montre connectée,Accessoires,Garmin,300,E-Shop,En ligne,National,2023-02-19,2,
472,Charlie,29,Marseille,Montre connectée,Accessoires,Garmin,300,E-Shop,En ligne,National,2023-02-27,3,
473,Charlie,29,Marseille,Smartphone,Téléphonie,Apple,1200,Boutique Lyon,Physique,Auvergne-Rhône-Alpes,2023-05-06,3,
474,David,40,Bordeaux,Casque audio,Accessoires,Sony,150,Boutique Lyon,Physique,Auvergne-Rhône-Alpes,2023-03-12,3,
475,Alice,25,Paris,Montre connectée,Accessoires,Garmin,300,Boutique Lyon,Physique,Auvergne-Rhône-Alpes,2023-05-20,4,
476,David,40,Bordeaux,Casque audio,Accessoires,Sony,150,Boutique Paris,Physique,Île-de-France,2023-03-16,1,
477,Charlie,29,Marseille,Ordinateur,Informatique,Dell,800,E-Shop,En ligne,National,2023-04-24,3,
478,David,40,Bordeaux,Smartphone,Téléphonie,Apple,1200,Boutique Paris,Physique,Île-de-France,2023-05-18,3,
479,Emma,31,Toulouse,Casque audio,Accessoires,Sony,150,Boutique Paris,Physique,Île-de-France,2023-01-28,5,
480,Emma,31,Toulouse,Smartphone,Téléphonie,Apple,1200,Boutique Paris,Physique,Île-de-France,2023-01-13,5,
481,Bob,34,Lyon,Smartphone,Téléphonie,Apple,1200,Boutique Paris,Physique,Île-de-France,2023-01-26,4,
482,Charlie,29,Marseille,Tablette,Informatique,Samsung,600,Boutique Paris,Physique,Île-de-France,2023-06-24,2,
483,Alice,25,Paris,Montre connectée,Accessoires,Garmin,300,Boutique Paris,Physique,Île-de-France,2023-04-15,4,
484,David,40,Bordeaux,Smartphone,Téléphonie,Apple,1200,E-Shop,En ligne,National,2023-03-24,3,
485,Alice,25,Paris,Ordinateur,Informatique,Dell,800,Boutique Lyon,Physique,Auvergne-Rhône-Alpes,2023-05-27,2,
486,Emma,31,Toulouse,Ordinateur,Informatique,Dell,800,Boutique Paris,Physique,Île-de-France,2023-04-17,2,
487,Alice,25,Paris,Tablette,Informatique,Samsung,600,E-Shop,En ligne,National,2023-02-17,3,
488,Alice,25,Paris,Ordinateur,Informatique,Dell,800,E-Shop,En ligne,National,2023-05-26,5,
489,Alice,25,Paris,Casque audio,Accessoires,Sony,150,E-Shop,En ligne,National,2023-04-27,5,
490,Emma,31,Toulouse,Tablette,Informatique,Samsung,600,Boutique Paris,Physique,Île-de-France,2023-05-10,4,
491,Charlie,29,Marseille,Smartphone,Téléphonie,Apple,1200,Boutique Paris,Physique,Île-de-France,2023-03-26,2,
492,David,40,Bordeaux,Casque audio,Accessoires,Sony,150,Boutique Lyon,Physique,Auvergne-Rhône-Alpes,2023-02-17,1,
493,Charlie,29,Marseille,Casque audio,Accessoires,Sony,150,Boutique Lyon,Physique,Auvergne-Rhône-Alpes,2023-06-22,2,
494,Bob,34,Lyon,Montre connectée,Accessoires,Garmin,300,Boutique Lyon,Physique,Auvergne-Rhône-Alpes,2023-04-14,4,
495,Emma,31,Toulouse,Casque audio,Accessoires,Sony,150,Boutique Paris,Physique,Île-de-France,2023-04-13,1,
